Paikkakunta;Teatterinimi;Salit;Omistaja;Paikat;Osoite
Ahvenanmaa;BIO SAVOY;Bio Savoy;Filmhuset Bio Savoy Ab;287;Nygatan 14, 22100 Mariehamn
Akaa;TOIJALAN KINO;Toijalan Kino;TMB Cinema Oy;196;Pätsiniementie 9, 37800 Akaa
Alajärvi;ALAREKSI;Alareksi;Alareksi Ky;100;Sairaalatie 3 C, 62900 Alajärvi 
Alavus;KINO KYNTÄJÄ;Kino Kyntäjä;Alavuden kaupunki;53;Järviluomantie 5, 63300 Alavus
Enontekiö;KINO HETTA;Kino Hetta;Enontekiön kunta;66;Peuratie 15, 99400 Enontekiö
Espoo;KANNUSALI;Kannusali;Espoon kulttuuripalvelut ;245;Kannusillankatu 4, 02770 Espoo
Espoo;OMENA;Omena 1;Finnkino Oy;201;Piispansilta 11, 02230 Espoo
Espoo;OMENA;Omena 2;Finnkino Oy;118;Piispansilta 11, 02230 Espoo
Espoo;OMENA;Omena 3;Finnkino Oy;94;Piispansilta 11, 02230 Espoo
Espoo;SELLO;Sello 1;Finnkino Oy;276;Ratsukatu 3, 02600 Espoo
Espoo;SELLO;Sello 2;Finnkino Oy;95;Ratsukatu 3, 02600 Espoo
Espoo;SELLO;Sello 3;Finnkino Oy;161;Ratsukatu 3, 02600 Espoo
Espoo;SELLO;Sello 4;Finnkino Oy;111;Ratsukatu 3, 02600 Espoo
Espoo;SELLO;Sello 5;Finnkino Oy;142;Ratsukatu 3, 02600 Espoo
Espoo;SELLO;Sello 6;Finnkino Oy;32;Ratsukatu 3, 02600 Espoo
Espoo;KINO TAPIOLA;Kino Tapiola;Ciné Tapiola Oy;194;Mäntyviita 2, 02110 Espoo
Eura;KAUTTUAN KUVA;Kauttuan Kuva Sali 1;Kuva-Tähti Oy;58;Creutzintie 2, 27500 Kauttua
Eura;KAUTTUAN KUVA;Kauttuan Kuva Sali 2;Kuva-Tähti Oy;52;Creutzintie 2, 27500 Kauttua
Forssa;BIO-KAARI;Bio-Kaari;Elokuvateatteri Bio-Kaari ry;194;Torikatu 10, 30100 Forssa
Forssa;FORSSAN ELÄVIENKUVIEN TEATTERI;Forssan Elävienkuvien Teatteri;Forssan Mykkäelokuva-yhdistys ry;76;Keskuskatu 1, 30100 Forssa
Hamina;KINO HAMINA;Kino Hamina;Haminan Kaupunki;144;Isoympyräkatu 4, 49400 Hamina
Hanko;KINO OLYMPIA;Kino Olympia;Tmi KA-MOVIE;206;Vuorikatu 11, 10900 Hanko
Harjavalta;KINO HUOVI;Kino Huovi;?;160;Harjavallankatu 33, 29200 Harjavalta
Heinola;ELO;Elo;TMB Cinema Oy ;180;Kauppakatu 16, 18100 Heinola
Helsinki;KINO ENGEL;Kino Engel 1;Oy Cinema Mondo Ltd;94;Sofiankatu 4, 00101 Helsinki
Helsinki;KINO ENGEL;Kino Engel 2;Oy Cinema Mondo Ltd;76;Sofiankatu 4, 00101 Helsinki
Helsinki;KESÄKINO ENGEL;Kesäkino Engel;Oy Cinema Mondo Ltd;65;Sofiankatu 4, 00101 Helsinki
Helsinki;KINO HELIOS;Kino Helios;Helsingin kulttuurikeskus;120;Ala-Malmin tori 1, 00700 Helsinki
Helsinki;KINO K13;Kino K13;Suomen elokuvasäätiö;150;Kanavakatu 12, 00160 Helsinki
Helsinki;KINO TULIO;Kino Tulio;Kansallinen audiovisuaalinen instituutti;57;Sörnäisten rantatie 25, 00500 Helsinki
Helsinki;ORION;Orion;Kansallinen audiovisuaalinen instituutti;216;Eerikinkatu 15, 00100 Helsinki
Helsinki;TENNISPALATSI;Tennispalatsi 1;Finnkino Oy;703;Salomonkatu 15, 00100 Helsinki
Helsinki;TENNISPALATSI;Tennispalatsi 2;Finnkino Oy;346;Salomonkatu 15, 00100 Helsinki
Helsinki;TENNISPALATSI;Tennispalatsi 3;Finnkino Oy;346;Salomonkatu 15, 00100 Helsinki
Helsinki;TENNISPALATSI;Tennispalatsi 4;Finnkino Oy;92;Salomonkatu 15, 00100 Helsinki
Helsinki;TENNISPALATSI;Tennispalatsi 5;Finnkino Oy;103;Salomonkatu 15, 00100 Helsinki
Helsinki;TENNISPALATSI;Tennispalatsi 6;Finnkino Oy;143;Salomonkatu 15, 00100 Helsinki
Helsinki;TENNISPALATSI;Tennispalatsi 7;Finnkino Oy;121;Salomonkatu 15, 00100 Helsinki
Helsinki;TENNISPALATSI;Tennispalatsi 8;Finnkino Oy;123;Salomonkatu 15, 00100 Helsinki
Helsinki;TENNISPALATSI;Tennispalatsi 9;Finnkino Oy;144;Salomonkatu 15, 00100 Helsinki
Helsinki;TENNISPALATSI;Tennispalatsi 10;Finnkino Oy;110;Salomonkatu 15, 00100 Helsinki
Helsinki;TENNISPALATSI;Tennispalatsi 11;Finnkino Oy;124;Salomonkatu 15, 00100 Helsinki
Helsinki;TENNISPALATSI;Tennispalatsi 12;Finnkino Oy;130;Salomonkatu 15, 00100 Helsinki
Helsinki;TENNISPALATSI;Tennispalatsi 13;Finnkino Oy;112;Salomonkatu 15, 00100 Helsinki
Helsinki;TENNISPALATSI;Tennispalatsi 14;Finnkino Oy;99;Salomonkatu 15, 00100 Helsinki
Helsinki;KINOPALATSI;Kinopalatsi 1;Finnkino Oy;359;Kaisaniemenkatu 2, 00100 Helsinki
Helsinki;KINOPALATSI;Kinopalatsi 2;Finnkino Oy;264;Kaisaniemenkatu 2, 00100 Helsinki
Helsinki;KINOPALATSI;Kinopalatsi 3;Finnkino Oy;75;Kaisaniemenkatu 2, 00100 Helsinki
Helsinki;KINOPALATSI;Kinopalatsi 4;Finnkino Oy;75;Kaisaniemenkatu 2, 00100 Helsinki
Helsinki;KINOPALATSI;Kinopalatsi 5;Finnkino Oy;144;Kaisaniemenkatu 2, 00100 Helsinki
Helsinki;KINOPALATSI;Kinopalatsi 6;Finnkino Oy;86;Kaisaniemenkatu 2, 00100 Helsinki
Helsinki;KINOPALATSI;Kinopalatsi 7;Finnkino Oy;182;Kaisaniemenkatu 2, 00100 Helsinki
Helsinki;KINOPALATSI;Kinopalatsi 8;Finnkino Oy;94;Kaisaniemenkatu 2, 00100 Helsinki
Helsinki;KINOPALATSI;Kinopalatsi 9;Finnkino Oy;144;Kaisaniemenkatu 2, 00100 Helsinki
Helsinki;KINOPALATSI;Kinopalatsi 10;Finnkino Oy;88;Kaisaniemenkatu 2, 00100 Helsinki
Helsinki;KINO SHERYL;Kino Sheryl;Kino Sheryl Oy;300;Arabiankatu 8, 00560 Helsinki
Helsinki;WHS Teatteri Union;Whs Teatteri Union;Association WHS ry;85;Siltavuorenranta 18, 00170 Helsinki
Huittinen;KINO;Kino 1;Kinoset Oy ;89;Sahakatu 2, 32700 Huittinen
Huittinen;KINO;Kino 2;Kinoset Oy ;52;Sahakatu 2, 32700 Huittinen
Hyvinkää;KINOMA;Kinoma;KMS-Movies Oy;237;Ahdekallionkatu 3, 05820 Hyvinkää
Hyvinkää;Julia;Julia 1;AM-kinot Oy;184;Hämeenkatu 34, 05800 Hyvinkää
Hyvinkää;Julia;Julia 2;AM-kinot Oy;70;Hämeenkatu 34, 05800 Hyvinkää
Hämeenlinna;MARILYN;Marilyn 1;Remamian Oy;140;Hallituskatu 20, 13100 Hämeenlinna
Hämeenlinna;MARILYN;Marilyn 2;Remamian Oy;120;Hallituskatu 20, 13100 Hämeenlinna
Hämeenlinna;MARILYN;Marilyn 3;Remamian Oy;50;Hallituskatu 20, 13100 Hämeenlinna
Hämeenlinna;MARILYN;Marilyn 4;Remamian Oy;59;Hallituskatu 20, 13100 Hämeenlinna
Hämeenlinna;BIO REX VERKATEHDAS;Bio Rex 1;Bio Rex Cinemas Oy;256; Paasikiventie 2, 13100 Hämeenlinna
Hämeenlinna;BIO REX VERKATEHDAS;Bio Rex 2;Bio Rex Cinemas Oy;157; Paasikiventie 2, 13100 Hämeenlinna
Hämeenlinna;BIO REX VERKATEHDAS;Bio Rex 3;Bio Rex Cinemas Oy;132; Paasikiventie 2, 13100 Hämeenlinna
Hämeenlinna;BIO REX VERKATEHDAS;Bio Rex 4;Bio Rex Cinemas Oy;98; Paasikiventie 2, 13100 Hämeenlinna
Iisalmi ;KUVALIPAS;Kuvalipas;Savon Kinot Oy;259;Pohjolankatu 6, 74100 Iisalmi
Iitti;RAVILINNA;Ravilinna;Iitin kunta;154;Veteraanitie 2, 47400 Kausala
Ilomantsi;KINO MANTSI;Kino Mantsi;Ilomantsin kunta;143;Kauppatie 9, 82900 Ilomantsi
Imatra;BIO VUOKSI;Bio Vuoksi;Marlon Movies Oy;302; Torikatu 13, 55800 Imatra
Inari;ASLAK;Aslak;Inarin kunta;152;Ivalontie 18, 99800 Ivalo
Jalasjärvi;KINO JALASJÄRVI;Kino Jalasjärvi;Mukula ry;134;Keskustie 43, 61600 Jalasjärvi
Joensuu;ELOKUVATEATTERIKESKUS TAPIO;Tapio 1;Savon Kinot Oy;255;Kauppakatu 27, 80100 Joensuu
Joensuu;ELOKUVATEATTERIKESKUS TAPIO;Tapio 2;Savon Kinot Oy;217;Kauppakatu 27, 80100 Joensuu
Joensuu;ELOKUVATEATTERIKESKUS TAPIO;Tapio 3;Savon Kinot Oy;118;Kauppakatu 27, 80100 Joensuu
Joensuu;ELOKUVATEATTERIKESKUS TAPIO;Tapio 4;Savon Kinot Oy;62;Kauppakatu 27, 80100 Joensuu
Joutsa;JOUTSAN KINO;Joutsan Kino;Joutsan kunta;120;Jousitie 27, 19650 Joutsa
Juva;JUVAN KINO;Juvan Kino;Juvan kunta;176;Juvantie 20, 51900 Juva
Jyväskylä;FANTASIA;Fantasia 1;Finnkino Oy;296;Kauppakatu 29-31, 40100 Jyväskylä
Jyväskylä;FANTASIA;Fantasia 2;Finnkino Oy;68;Kauppakatu 29-31, 40100 Jyväskylä
Jyväskylä;FANTASIA;Fantasia 3;Finnkino Oy;56;Kauppakatu 29-31, 40100 Jyväskylä
Jyväskylä;FANTASIA;Fantasia 4;Finnkino Oy;158;Kauppakatu 29-31, 40100 Jyväskylä
Jyväskylä;FANTASIA;Fantasia 5;Finnkino Oy;137;Kauppakatu 29-31, 40100 Jyväskylä
Jyväskylä;FANTASIA;Fantasia 6;Finnkino Oy;88;Kauppakatu 29-31, 40100 Jyväskylä
Jyväskylän;KAMPUS KINO;Kampus Kino;yliopiston ylioppilaskunta;120;Rajakatu 35, 40200 Jyväskylä
Jämsä;KINOTAR;Kinotar 1;Jutuus Oy;250;Pääskyläntie 25, 42100 Jämsä
Jämsä;KINOTAR;Kinotar 2;Jutuus Oy;96;Pääskyläntie 25, 42100 Jämsä
Järvenpää;STUDIO 123;Studio 1;Järvenpään Studiot Oy;202;Helsingintie 12, 04440 Järvenpää
Järvenpää;STUDIO 123;Studio 2;Järvenpään Studiot Oy;85;Helsingintie 12, 04440 Järvenpää
Järvenpää;STUDIO 123;Studio 3;Järvenpään Studiot Oy;71;Helsingintie 12, 04440 Järvenpää
Kajaani;BIO REX KAJAANI;Bio Rex 1;Bio Rex Cinemas Oy;236;Kauppakatu 38, 87100 Kajaani
Kajaani;BIO REX KAJAANI;Bio Rex 2;Bio Rex Cinemas Oy;149;Kauppakatu 38, 87100 Kajaani
Kajaani;BIO REX KAJAANI;Bio Rex 3;Bio Rex Cinemas Oy;79;Kauppakatu 38, 87100 Kajaani
Kangasala;K-KINO;K-Kino;Kangasalan kunta;285;Kuohunharjuntie 6, 36201 Kangasala
Kangasniemi;KANGASTUS;Kangastus;Kangasniemen kunta;197;Otto Mannisen tie 2, 51200 Kangasniemi
Karstula;SUOJAN  ELOKUVAT;Suojan  Elokuvat;Karstulan Kiva ry;104;Pylkönmäentie 1, 43500 Karstula
Kauhajoki;BIO MARLON;Bio Marlon;Bio Marlon;162;Topeeka 37, 61800 Kauhajoki
Kauhava;Y-KINO;Y-Kino;IPE Oy;100;Kauppatie 109, 62200 Kauhava
Kauhava;MAGNUM THEATRE;Magnum Theatre;Lillbacka Powerco Oy;148;Puistotie 3, 62300 Härmä
Kauniainen;BIO GRANI;Bio Grani;?;137;Teinikuja 4, 02700 Kauniainen
Kaustinen;KINO KANSANTAITEENKESKUS;Kino Kansantaiteenkeskus;Kaustisen kunta;320;Jyväskyläntie 3, 69600 Kaustinen
Kemi;KINOPIRTTI;Kinopirtti 1;Bio Rex Cinemas Oy;249;Valtakatu 12, 94100 Kemi
Kemi;KINOPIRTTI;Kinopirtti 2;Bio Rex Cinemas Oy;70;Valtakatu 12, 94100 Kemi
Kemiönsaari;BIO PONY;Bio Pony;Kemiönsaaren kunta;168;Tallimäentie 4, 25900 Taalintehdas
Kemiönsaari;BIO FIX;Bio Fix;Kemiönsaaren kunta;247;Engelsbyntie 8, 25700 Kemiö
Keuruu;HAAPAMÄEN ELOKUVAT;Haapamäen Elokuvat;Haapamäen Pallo-Pojat ry;150;Pihlajavedentie 1A, 42800 Haapamäki
Kirkkonummi;KINO KIRKKONUMMI;Kino Kirkkonummi;?;112;Munkinmäentie 17, 02400 Kirkkonummi
Kitee;KINO-HOVI;Kino-Hovi;Savon Kinot Oy;207;Hovintie 6, 82500 Kitee
Kittilä;KINO YLÄRI;Kino Yläri;Kittilän kunta;144;Valtatie 9 A, 99100 Kittilä
Kittilä;LEVI SUMMIT;Levi Summit;Levin Luontokeskus;430;Tunturitie 205, 99130 Sirkka
Kokkola;BIO REX;Bio Rex 1;Bio Indola Kb ;208;Pitkänsillankatu 33, 67100 Kokkola
Kokkola;BIO REX;Bio Rex 2;Bio Indola Kb ;58;Pitkänsillankatu 33, 67100 Kokkola
Kolari, Äkäslompolo;KINO KELLOKAS;Kino Kellokas;Luontokeskus Kellokas ja Kolarin kunta;130;Tunturintie 54, 95974 Äkäslompolo
Konnevesi;NAVETTAKINO;Navettakino;Navettakino Ky;50;Pyhälahdentie 972, 44370 Konnevesi
Kotka;KINO PALATSI ;Kino Palatsi;Kotkan Leffat Ky;270;Keskuskatu 23, 48100 Kotka
Kotka;TRIO;Trio 1;Kotkan Leffat Ky;99;Keskuskatu 23, 48100 Kotka
Kotka;TRIO;Trio 2;Kotkan Leffat Ky;40;Keskuskatu 23, 48100 Kotka
Kotka;VIP-SALI;Vip-Sali;Kotkan Leffat Ky;22;Keskuskatu 23, 48100 Kotka
Kouvola;KINO 123;Kino 1;Kino 123 Oy;260; Tervasharjunkatu 1, 45720 Kouvola
Kouvola;KINO 123;Kino 2;Kino 123 Oy;96; Tervasharjunkatu 1, 45720 Kouvola
Kouvola;KINO 123;Kino 3;Kino 123 Oy;96; Tervasharjunkatu 1, 45720 Kouvola
Kouvola;STUDIO 123;Studio 1;Kuusan Kino Ky;136;Kymenlaaksonkatu 1, 45700 Kouvola
Kouvola;STUDIO 123;Studio 2;Kuusan Kino Ky;113;Kymenlaaksonkatu 1, 45700 Kouvola
Kouvola;STUDIO 123;Studio 3;Kuusan Kino Ky;79;Kymenlaaksonkatu 1, 45700 Kouvola
Kristiinankaupunki ;BIO DUX;Bio Dux;Bio Dux;126;Rantakatu 22, 64100 Kristiinankaupunki
Kuhmo;PAJAKKA KINO;Pajakka Kino;?;107;Rajakatu 56, 88900 Kuhmo
Kuhmoinen;KUHMOISTEN ELOKUVAT;Kuhmoisten Elokuvat;Kuhmoisten kunta;152;Toritie 57, 17800 Kuhmoinen
Kuopio;SCALA;Scala 1;Finnkino Oy;308;Ajurinkatu 16, 70100 Kuopio
Kuopio;SCALA;Scala 2;Finnkino Oy;174;Ajurinkatu 16, 70100 Kuopio
Kuopio;SCALA;Scala 3;Finnkino Oy;82;Ajurinkatu 16, 70100 Kuopio
Kuopio;SCALA;Scala 4;Finnkino Oy;82;Ajurinkatu 16, 70100 Kuopio
Kuopio;SCALA;Scala 5;Finnkino Oy;82;Ajurinkatu 16, 70100 Kuopio
Kuopio;SCALA;Scala 6;Finnkino Oy;69;Ajurinkatu 16, 70100 Kuopio
Kuopio;SCALA;Scala 7;Finnkino Oy;69;Ajurinkatu 16, 70100 Kuopio
Kuopio;KUVAKUKKO;Kuvakukko;Kuopion kaupunki;330;Vuorikatu 27, 70100 KUOPIO
Kuopio;KINO MANTTU;Kino Manttu;?;150;Vesitornintie 1, 73300 Nilsiä
Kurikka;KINO;Kino;Kurikan Kino Ky;162;Kankaantie 1, 61300 Kurikka
Kuusamo;KINO KUUSAMOTALO;Kino Kuusamotalo;Tmi Erkki Leskelä;524;Kaarlo Hännisen tie 2, 93600 Kuusamo
Kärkölä;JÄRVELÄN KINO;Järvelän Kino;Järvelän Kino Oy;102;Hähkäniementie 16, 16600 Kärkölä
Kökar;BIO KÖKAR;Bio Kökar;Kökar-Sottunga Biografförening;30;22730 Kökar
Lahti;KUVAPALATSI;Kuvapalatsi Sali 1;Finnkino Oy;354;Vapaudenkatu 13, 15110 Lahti
Lahti;KUVAPALATSI;Kuvapalatsi Sali 2;Finnkino Oy;194;Vapaudenkatu 13, 15110 Lahti
Lahti;KUVAPALATSI;Kuvapalatsi Sali 3;Finnkino Oy;88;Vapaudenkatu 13, 15110 Lahti
Lahti;KUVAPALATSI;Kuvapalatsi Sali 4;Finnkino Oy;88;Vapaudenkatu 13, 15110 Lahti
Lahti;KUVAPALATSI;Kuvapalatsi Sali 5;Finnkino Oy;88;Vapaudenkatu 13, 15110 Lahti
Lahti;KUVAPALATSI;Kuvapalatsi Sali 6;Finnkino Oy;88;Vapaudenkatu 13, 15110 Lahti
Lahti;KINO IIRIS;Kino Iiris;Päijät-Hämeen elokuvakeskus ry;97;Saimaankatu 12, 15140 Lahti
Laitila;LAITILAN KINO;Laitilan Kino;Tmi Henry Erkkilä;136;Vihtorinkatu 8, 23800 Laitila
Lappeenranta;KINO-AULA;Kino-Aula;Elokuva Luotola Oy;208;Valtakatu 39, 53100 Lappeenranta
Lappeenranta;NUIJAMIES;Nuijamies;Elokuva Luotola Oy;371;Valtakatu 39, 53100 Lappeenranta
Lappeenranta;STRAND;Strand 1;Finnkino Oy;241;Brahenkatu 5, 53100 Lappeenranta
Lappeenranta;STRAND;Strand 2;Finnkino Oy;83;Brahenkatu 5, 53100 Lappeenranta
Lappeenranta;STRAND;Strand 3;Finnkino Oy;82;Brahenkatu 5, 53100 Lappeenranta
Lappeenranta;STRAND;Strand 4;Finnkino Oy;129;Brahenkatu 5, 53100 Lappeenranta
Lapua;BIO MARILYN;Bio Marilyn;Remamian Oy ;105;Kustaa Tiitun tie 1, 62100 Lapua
Lieksa;LIEKSAN ELOKUVAT;Lieksan Elokuvat;Lieksan elokuvat;400;Korpi-jaakonkatu 20, 81700 Lieksa
Lohja;VAAKUNA;Vaakuna;Off Limits Oy;199;Koulukatu 4, 08100 Lohja
Loimaa;KINEMA;Kinema;Kinoset Oy;117;Vesikoskenkatu 21, 32200 Loimaa
Loviisa;KINO MARILYN;Kino Marilyn;Logimar Oy Kino Marilyn;205;Kuningattarenkatu 17, 07900 Loviisa
Mikkeli;KINOLINNA;Kinolinna 1;Mika Luukkonen Oy;216;Vuorikatu 9, 50100 Mikkeli
Mikkeli;KINOLINNA;Kinolinna 2;Mika Luukkonen Oy;63;Vuorikatu 9, 50100 Mikkeli
Mikkeli;KINOLINNA;Kinolinna 3;Mika Luukkonen Oy;63;Vuorikatu 9, 50100 Mikkeli
Mikkeli;RITZ;Ritz;?;242;Mikonkatu 1, 50100 Mikkeli
Muonio;OLOS POLAR CENTER;Olos Polar Center;Lapland Hotels Olos;650;Oloshotellintie 25,99300 Muonio
Mänttä-Vilppula;KINO-SÄDE;Kino-Säde;Mänttä-Seura ry ;133;Koskelankatu 2, 35800 Mänttä
Mäntyharju;KINO;Kino;Mäntyharjun kunta;222;Kompantie 22, 52700 Mäntyharju
Nurmes;KINO HANNIKAINEN;Kino Hannikainen;AV-Kärki Oy;250;Kötsintie 2 75500 Nurmes
Nurmijärvi;KINO JUHA;Kino Juha;?;163;Keskustie 7, 01900 Nurmijärvi
Oulainen;KINOKULMA;Kinokulma;Kinokulma Oy;113;Asemakatu 1, 86300 Oulainen
Oulu;STUDIO;Studio;Oulun elokuvakeskus ry ;45;Hallituskatu 7, 90100 Oulu
Oulu;PLAZA;Plaza 1;Finnkino Oy;409;Torikatu 32, 90100 Oulu
Oulu;PLAZA;Plaza 2;Finnkino Oy;184;Torikatu 32, 90100 Oulu
Oulu;PLAZA;Plaza 3;Finnkino Oy;81;Torikatu 32, 90100 Oulu
Oulu;PLAZA;Plaza 4;Finnkino Oy;106;Torikatu 32, 90100 Oulu
Oulu;PLAZA;Plaza 5;Finnkino Oy;98;Torikatu 32, 90100 Oulu
Oulu;PLAZA;Plaza 6;Finnkino Oy;83;Torikatu 32, 90100 Oulu
Oulu;PLAZA;Plaza 7;Finnkino Oy;88;Torikatu 32, 90100 Oulu
Oulu;PLAZA;Plaza 8;Finnkino Oy;90;Torikatu 32, 90100 Oulu
Oulu;STAR;Star 1;Kaksois-Elokuvat Ky;125;Kalliotie 6 A 3, 90500 Oulu
Oulu;STAR;Star 2;Kaksois-Elokuvat Ky;54;Kalliotie 6 A 3, 90500 Oulu
Oulu;STAR;Star 3;Kaksois-Elokuvat Ky;58;Kalliotie 6 A 3, 90500 Oulu
Oulu;STAR;Star 4;Kaksois-Elokuvat Ky;69;Kalliotie 6 A 3, 90500 Oulu
Outokumpu;KINO MARITA;Kino Marita;Tmi Kino Marita;150;Koulukatu 1, 83500 Outokumpu
Paimio;VISTAN KINO;Vistan Kino;MTK-Paimio ry;182;Hirsitie 4, 21530 Paimio
Paimio;BIO STARA;Bio Stara;Bio-Kuva;119;Pussitie 4, 21530 Paimio
Parainen;BIO SYDVÄST;Bio Sydväst;Paraisten kaupunki;100;?
Parikkala;KINO PATTERY;Kino Pattery;Parikkalan Teatteryhdistys ;250;Harjukuja 6, 59100 Parikkala
Parkano;SIRIUS;Sirius;Silanterä-Savolainen Ay;170;Heikintie 3, 39700 Parkano
Pello;PELLON KUNNANKINO;Pellon Kunnankino;Pellon kunta;153;Ahjotie 8, 95700 Pello
Pieksämäki;KINOMANIA;Kinomania;TMB Cinema Oy;100;Laaksotie 47, Pieksämäki
Pietarsaari;KINOCITY;City 1;Bio Rex Cinemas Oy;218;Perämiehenkatu 7, 68600 Pietarsaari
Pietarsaari;KINOCITY;City 2;Bio Rex Cinemas Oy;126;Perämiehenkatu 7, 68600 Pietarsaari
Pomarkku;KINO HAKALINNA;Kino Hakalinna;?;64;Vanhatie 25, 29630 Pomarkku
Pori;PROMENADI;Promenadi 1;Finnkino Oy;241;Yrjönkatu 17, 28100 Pori
Pori;PROMENADI;Promenadi 2;Finnkino Oy;118;Yrjönkatu 17, 28100 Pori
Pori;PROMENADI;Promenadi 3;Finnkino Oy;76;Yrjönkatu 17, 28100 Pori
Pori;PROMENADI;Promenadi 4;Finnkino Oy;76;Yrjönkatu 17, 28100 Pori
Pori;PROMENADI;Promenadi 5;Finnkino Oy;145;Yrjönkatu 17, 28100 Pori
Porvoo;BIO REX PORVOO;Bio Rex 1;Rex Digital Cinema Ab;261;Läntinen Aleksanterinkatu 1, 06100 Porvoo
Porvoo;BIO REX PORVOO;Bio Rex 2;Rex Digital Cinema Ab;154;Läntinen Aleksanterinkatu 1, 06100 Porvoo
Porvoo;BIO REX PORVOO;Bio Rex 3;Rex Digital Cinema Ab;84;Läntinen Aleksanterinkatu 1, 06100 Porvoo
Porvoo;BIO REX PORVOO;Bio Rex 4;Rex Digital Cinema Ab;50;Läntinen Aleksanterinkatu 1, 06100 Porvoo
Puolanka;PALJAKKA-KINO;Paljakka-Kino;Puolangan kunta;108;Paljakkatalo, 89140 Kotila
Pyhäjärvi;PYHÄSALMEN VPK ELOKUVAT;Pyhäsalmen Vpk Elokuvat;Pyhäsalmen VPK;108;Palotie 4, 86800 Pyhäsalmi 
Raasepori;BIO PALLAS;Bio Pallas;?;248;Nils Grabbenkatu 4, 10300 Raasepori
Raasepori;BIO FORUM;Bio Forum;Ab Bio Forum Oy;104;Helene Schjerfbeckin katu 5, 10600 Tammisaari
Rauma;ISO-HANNU;Iso-Hannu 1;Kinorauma Oy;121;Savilankatu 4, 26100 Rauma
Rauma;ISO-HANNU;Iso-Hannu 2;Kinorauma Oy;63;Savilankatu 4, 26100 Rauma
Rauma;ISO-HANNU;Iso-Hannu 3;Kinorauma Oy;22;Savilankatu 4, 26100 Rauma
Riihimäki;GILDA;Gilda 1;Riihi-Gildat Oy;150;Keskuskatu 8, 11100 Riihimäki
Riihimäki;GILDA;Gilda 2;Riihi-Gildat Oy;68;Keskuskatu 8, 11100 Riihimäki
Riihimäki;KINO SAMPO;Kino Sampo;Elokuvakulttuuriyhdistys;145;Suokatu 9, 11130 Riihimäki
Rovaniemi;MAXIM;Maxim 1;Bio Rex Cinemas Oy;168;Pekankatu 12, 96100 Rovaniemi
Rovaniemi;MAXIM;Maxim 2;Bio Rex Cinemas Oy;46;Pekankatu 12, 96100 Rovaniemi
Rovaniemi;MAXIM;Maxim 3;Bio Rex Cinemas Oy;57;Pekankatu 12, 96100 Rovaniemi
Rovaniemi;MAXIM;Maxim 4;Bio Rex Cinemas Oy;51;Pekankatu 12, 96100 Rovaniemi
Rovaniemi;MAXIM;Maxim 5;Bio Rex Cinemas Oy;34;Pekankatu 12, 96100 Rovaniemi
Saarijärvi ;KISAKINO;Kisakino;Saarijärven Pullistus ry;200;Sivulantie 11, 43100 Saarijärvi
Salo;BIO JÄNNÄ;Bio Jännä;Bio-Kuva ;429;Turuntie 5, 24100 Salo
Salo;BIO-SALO;Bio-Salo 1;Bio-Kuva;233;Turuntie 5, 24100 Salo
Salo;BIO-SALO;Bio-Salo 2;Bio-Kuva;83;Turuntie 5, 24100 Salo
Salo;LUMO;Lumo 1;Lumo-Movies Oy;135;Savipajankatu 2, 24260 Salo
Salo;LUMO;Lumo 2;Lumo-Movies Oy;51;Savipajankatu 2, 24260 Salo
Sastamala;BIO;Bio;Kinoset;122;Puistokatu 32, 38200 Sastamala
Savonlinna;KILLA;Killa;Savon Kinot Oy;164;Punkaharjuntie 3, 57130 Savonlinna
Savonlinna;OLAVI;Olavi;Savon Kinot Oy;200;Olavinkatu 51, 57100 Savonlinna
Savonlinna;KINO LUSTO;Kino Lusto;Savonlinnan kulttuuritoimi;138;Lustontie 1, 58450 Punkaharju
Seinäjoki;BIO MARILYN;Marilyn 1;Remamian Oy;298;Kalevankatu 14, 60100 Seinäjoki
Seinäjoki;BIO MARILYN;Marilyn 2;Remamian Oy;98;Kalevankatu 14, 60100 Seinäjoki
Seinäjoki;BIO MARILYN;Marilyn 3;Remamian Oy;62;Kalevankatu 14, 60100 Seinäjoki
Seinäjoki;MATIN-TUPA;Matin-Tupa;Elokuvateatteri Matin-Tupa;201;Puhelinkuja 4, 61400 Ylistaro
Sodankylä;LAPINSUU;Lapinsuu;Salin & Salin;265;Jäämerentie 17, 99600 Sodankylä
Somero ;BIO JUKOLA;Bio Jukola;Kinoset Oy;98;Jukolantie 4, Somero
Sotkamo;KINO VISIO;Kino Visio;Versova Puu ry;104;Salmelantie 6, 88600 Sotkamo
Suonenjoki;KINO RIO;Kino Rio;Suonenjoen  Elokuvateatteri Oy;169;Asemakatu 1, 77600 Suonenjoki
Suomussalmi;KINO RETIKKA;Kino Retikka;Kulttuuriosuuskunta Vimma;186;Jalonkatu 1, 89600 Suomussalmi
Sysmä;SYSMÄN KINO;Sysmän Kino;Sysmän kunta;187;Väihkyläntie 1, 19700 Sysmä
Tampere;ARTHOUSE CINEMA NIAGARA;Arthouse Cinema Niagara;Pirkanmaan elokuvakeskus ry;128;Kehräsaari B, 33200 Tampere
Tampere;CINE ATLAS;Atlas 1;Finnkino Oy;186;Hatanpään Valtatie 1, 33100 Tampere
Tampere;CINE ATLAS;Atlas 2;Finnkino Oy;170;Hatanpään Valtatie 1, 33100 Tampere
Tampere;CINE ATLAS;Atlas 3;Finnkino Oy;144;Hatanpään Valtatie 1, 33100 Tampere
Tampere;CINE ATLAS;Atlas 4;Finnkino Oy;82;Hatanpään Valtatie 1, 33100 Tampere
Tampere;PLEVNA;Plevna 1;Finnkino Oy;491;Itäinenkatu 4, 33210 Tampere
Tampere;PLEVNA;Plevna 2;Finnkino Oy;296;Itäinenkatu 4, 33210 Tampere
Tampere;PLEVNA;Plevna 3;Finnkino Oy;73;Itäinenkatu 4, 33210 Tampere
Tampere;PLEVNA;Plevna 4;Finnkino Oy;127;Itäinenkatu 4, 33210 Tampere
Tampere;PLEVNA;Plevna 5;Finnkino Oy;126;Itäinenkatu 4, 33210 Tampere
Tampere;PLEVNA;Plevna 6;Finnkino Oy;115;Itäinenkatu 4, 33210 Tampere
Tampere;PLEVNA;Plevna 7;Finnkino Oy;84;Itäinenkatu 4, 33210 Tampere
Tampere;PLEVNA;Plevna 8;Finnkino Oy;105;Itäinenkatu 4, 33210 Tampere
Tampere;PLEVNA;Plevna 9;Finnkino Oy;105;Itäinenkatu 4, 33210 Tampere
Tampere;PLEVNA;Plevna 10;Finnkino Oy;108;Itäinenkatu 4, 33210 Tampere
Tervakoski;TERVAKOSKEN ELOKUVAT;Tervakosken Elokuvat;Tervakosken Elokuvat;256;Seuranaukio, 12400 Tervakoski
Teuva;KINO-KUVA;Kino-Kuva;Teuvan Nuorisoseura ry;98;Porvarintie 28, 64700 Teuva
Turku;KINOPALATSI;Kinopalatsi 1;Finnkino Oy;485;Kauppiaskatu 13, 20100 Turku
Turku;KINOPALATSI;Kinopalatsi 2;Finnkino Oy;217;Kauppiaskatu 13, 20100 Turku
Turku;KINOPALATSI;Kinopalatsi 3;Finnkino Oy;91;Kauppiaskatu 13, 20100 Turku
Turku;KINOPALATSI;Kinopalatsi 4;Finnkino Oy;91;Kauppiaskatu 13, 20100 Turku
Turku;KINOPALATSI;Kinopalatsi 5;Finnkino Oy;174;Kauppiaskatu 13, 20100 Turku
Turku;KINOPALATSI;Kinopalatsi 6;Finnkino Oy;182;Kauppiaskatu 13, 20100 Turku
Turku;KINOPALATSI;Kinopalatsi 7;Finnkino Oy;94;Kauppiaskatu 13, 20100 Turku
Turku;KINOPALATSI;Kinopalatsi 8;Finnkino Oy;89;Kauppiaskatu 13, 20100 Turku
Turku;KINOPALATSI;Kinopalatsi 9;Finnkino Oy;90;Kauppiaskatu 13, 20100 Turku
Uusikaupunki;KUVALA;Kuvala;Kuva-Tähti Oy;71;Alinenkatu 16, 23500 Uusikaupunki
Vaasa;ELOKUVATEATTERI GLORIA;Gloria 1;Bio Rex Cinemas Oy;276;Hovioikeudenpuistikko 16, 65100 Vaasa
Vaasa;ELOKUVATEATTERI GLORIA;Gloria 2;Bio Rex Cinemas Oy;107;Hovioikeudenpuistikko 16, 65100 Vaasa
Vaasa;ELOKUVATEATTERI GLORIA;Gloria 3;Bio Rex Cinemas Oy;65;Hovioikeudenpuistikko 16, 65100 Vaasa
Vaasa;ELOKUVATEATTERI GLORIA;Gloria 4;Bio Rex Cinemas Oy;212;Hovioikeudenpuistikko 16, 65100 Vaasa
Vaasa;ELOKUVATEATTERI GLORIA;Gloria 5;Bio Rex Cinemas Oy;72;Hovioikeudenpuistikko 16, 65100 Vaasa
Vaasa;KINO RITZ;Kino Ritz;Skafferiet ry;218;Kirkkopuistikko 22 A, 65100 Vaasa
Valkeakoski;KINO-SAMPO;Kino-Sampo;TMB Cinema Oy;125;Valtakatu 19, 37600 Valkeakoski
Vantaa;BIO GRAND;Bio Grand;Kuva-Grand, tmi;184;Kielotie 7, 01300 Vantaa
Vantaa;FLAMINGO;Flamingo 1;Finnkino Oy;347;Tasetie 8, 01510 Vantaa
Vantaa;FLAMINGO;Flamingo 2;Finnkino Oy;200;Tasetie 8, 01510 Vantaa
Vantaa;FLAMINGO;Flamingo 3;Finnkino Oy;101;Tasetie 8, 01510 Vantaa
Vantaa;FLAMINGO;Flamingo 4;Finnkino Oy;101;Tasetie 8, 01510 Vantaa
Vantaa;FLAMINGO;Flamingo 5;Finnkino Oy;101;Tasetie 8, 01510 Vantaa
Vantaa;FLAMINGO;Flamingo 6;Finnkino Oy;101;Tasetie 8, 01510 Vantaa
Vantaa;KINO MYYRI;Kino Myyri;Bio Jaseka;188;Kilterinraitti 6, 01600 Vantaa
Varkaus;MAXIM;Maxim 1;Savon Kinot Oy;190;Kauppakatu 27, 78200 Varkaus
Varkaus;MAXIM;Maxim 2;Savon Kinot Oy;78;Kauppakatu 27, 78200 Varkaus
Varkaus;MAXIM;Maxim 3;Savon Kinot Oy;67;Kauppakatu 27, 78200 Varkaus
Vehmaa;KUVA-TÄHTI;Kuva-Tähti;Kuva-Tähti Oy;71;Ilmaristentie 10, 23200 Vehmaa
Vihti;VIHDIN KINO;Vihdin Kino;Kino Anneli Stick Ky;182;Riihitie 2, 03400 Vihti
Viitasaari;KINOSAARI;Kinosaari;Funkinos Oy;153;Koulukuja 8, 44500 Viitasaari
Vimpeli;NUORISO-KUVAT;Nuoriso-Kuvat;Vimpelin Veto ry;176;Patruunantie 12, 62800 Vimpeli
Virrat;VIRTAIN PIRTTI;Virtain Pirtti;Virtain Urheilijat ry;164;Virtaintie 15, 34800 Virrat
Ylitornio;AUDITORIO;Auditorio;Ylitornion kunta;198;Alkkulanraitti 56, 95600 Ylitornio
Ähtäri;SUN KINO;Sun Kino;Ähtärin kaupunki;130;Lukiontie 3, 63700 Ähtäri
Äänekoski;KINOMIKKO;Kinomikko;Funkinos Oy;94;Kalevankatu 2, 44100 Äänekoski
